Filename,RelFreq NOUN,RelFreq VERB,RelFreq ADJ,RelFreq ADV,Unique PER,Unique LOC,Unique ORG
0219.b8.txt,0.16055321707757064,0.09921828021647625,0.07456404088995791,0.06374022850270596,7,2,6
0158.b8.txt,0.18077657542966263,0.10884786760025461,0.07065563335455124,0.03946530872056015,4,1,4
0318.b8.txt,0.16795366795366795,0.1138996138996139,0.06756756756756757,0.04247104247104247,1,0,1
