Filename,RelFreq NOUN,RelFreq VERB,RelFreq ADJ,RelFreq ADV,Unique PER,Unique LOC,Unique ORG
0502.c1.txt,0.1286624203821656,0.11847133757961784,0.038853503184713374,0.040127388535031845,15,0,4
0140.c1.txt,0.1628001628001628,0.09157509157509157,0.0468050468050468,0.03785103785103785,34,0,10
0238.c1.txt,0.10972762645914397,0.11284046692607004,0.038910505836575876,0.030350194552529183,17,2,7
0501.c1.txt,0.12148249828414551,0.09814687714481812,0.04735758407687028,0.043239533287577216,14,2,9
0165.c1.txt,0.17274939172749393,0.07988645579886455,0.057177615571776155,0.02879156528791565,26,0,4
0200.c1.txt,0.10698141637368157,0.10145655449522853,0.06328478151682572,0.050226017076845805,19,1,8
0219.c1.txt,0.1388888888888889,0.09391534391534391,0.05357142857142857,0.04894179894179894,24,0,11
